<?xml version="1.0" encoding="utf-8"?>
<!DOCTYPE hibernate-configuration SYSTEM 
"http://www.hibernate.org/dtd/hibernate-configuration-3.0.dtd">

<hibernate-configuration>
   <session-factory>
   <!-- <property name="hibernate.dialect">
      org.hibernate.dialect.MySQLDialect
   </property>
   <property name="hibernate.connection.driver_class">
      com.mysql.jdbc.Driver
   </property> -->
   
   <property name="hibernate.dialect">
      org.hibernate.dialect.PostgreSQLDialect
   </property>
   <property name="hibernate.connection.driver_class">
      org.postgresql.Driver
   </property>
   
   
   
   <property name="hibernate.connection.url">
   
   </property>
   <property name="hibernate.connection.username"> 		
       
   </property>
   <property name="hibernate.connection.password">	
	  
   </property>
   
<property name="connection.pool_size">100</property>
<property name="hibernate.dialect">org.hibernate.dialect.PostgreSQLDialect</property>
<property name="current_session_context_class">thread</property>
<property name="cache.provider_class">org.hibernate.cache.NoCacheProvider</property>
<property name="show_sql">true</property>
<property name="hbm2ddl.auto">validate</property>
<property name="hibernate.connection.release_mode">auto</property> 

<!-- <property name="hibernate.connection.release_mode" value="after_transaction" />
<property name="hibernate.current_session_context_class" value="jta" />   -->
   
</session-factory>
</hibernate-configuration>