<?xml version="1.0" encoding="UTF-8"?>
<!DOCTYPE xml>
<configuration>
    <include resource="org/springframework/boot/logging/logback/defaults.xml"/>
    <include resource="org/springframework/boot/logging/logback/console-appender.xml"/>
    <property resource="application.properties"/>


    <appender name="FILE-ROLLING-MAIN"
              class="ch.qos.logback.core.rolling.RollingFileAppender">

        <rollingPolicy
                class="ch.qos.logback.core.rolling.SizeAndTimeBasedRollingPolicy">

            <fileNamePattern>${logging.path}/ikon_api/%d{yyyy-MM-dd}/Common/ikon2.%i.log</fileNamePattern>
            <!-- each archived file, size max 10MB -->
            <maxFileSize>10MB</maxFileSize>
            <!-- total size of all archive files, if total size > 20GB, it will delete
                old archived file -->
            <totalSizeCap>20GB</totalSizeCap>
            <!-- 30 days to keep -->
            <maxHistory>30</maxHistory>
        </rollingPolicy>

        <encoder>
            <pattern>%d %mdc %p %c{1.} [%t] %m%n</pattern>
        </encoder>
    </appender>

    <appender name="FILE-TENANT-IKON"
              class="ch.qos.logback.classic.sift.SiftingAppender">

        <!-- This is MDC value -->
        <!-- We will assign a value to 'tenant_name' via Java code -->
        <discriminator>
            <key>tenant_name</key>
            <defaultValue>Common</defaultValue>
        </discriminator>
        <sift>
            <appender name="FILE-ROLLING-IKON"
                      class="ch.qos.logback.core.rolling.RollingFileAppender">

                <rollingPolicy
                        class="ch.qos.logback.core.rolling.SizeAndTimeBasedRollingPolicy">
                    <fileNamePattern>${logging.path}/ikon_api/%d{yyyy-MM-dd}/${tenant_name}/ikon2.%i.log
                    </fileNamePattern>
                    <!-- each archived file, size max 10MB -->
                    <maxFileSize>10MB</maxFileSize>
                    <!-- total size of all archive files, if total size > 20GB, it will
                        delete old archived file -->
                    <totalSizeCap>20GB</totalSizeCap>
                    <!-- 30 days to keep -->
                    <maxHistory>30</maxHistory>
                </rollingPolicy>

                <encoder>
                    <pattern>%d %mdc %p %c{1.} [%t] %m%n</pattern>
                </encoder>
            </appender>
        </sift>
    </appender>



    <appender name="FILE-TENANT-DATABASE"
              class="ch.qos.logback.classic.sift.SiftingAppender">

        <!-- This is MDC value -->
        <!-- We will assign a value to 'tenant_name' via Java code -->
        <discriminator>
            <key>tenant_name</key>
            <defaultValue>Common</defaultValue>
        </discriminator>

        <sift>
            <appender name="FILE-ROLLING-DATABASE"
                      class="ch.qos.logback.core.rolling.RollingFileAppender">

                <rollingPolicy
                        class="ch.qos.logback.core.rolling.SizeAndTimeBasedRollingPolicy">
                    <fileNamePattern>${logging.path}/ikon_api/%d{yyyy-MM-dd}/${tenant_name}/database.%i.log
                    </fileNamePattern>
                    <!-- each archived file, size max 10MB -->
                    <maxFileSize>10MB</maxFileSize>
                    <!-- total size of all archive files, if total size > 20GB, it will
                        delete old archived file -->
                    <totalSizeCap>20GB</totalSizeCap>
                    <!-- 30 days to keep -->
                    <maxHistory>30</maxHistory>
                </rollingPolicy>

                <encoder>
                    <pattern>%d %mdc %p %c{1.} [%t] %m%n</pattern>
                </encoder>
            </appender>

        </sift>
    </appender>

    <logger name="com.ikon" level="info" additivity="false">
        <appender-ref ref="CONSOLE"/>
        <appender-ref ref="FILE-ROLLING-MAIN"/>
    </logger>

    <logger name="com.ikon.rest.web" level="info"
            additivity="false">
        <appender-ref ref="CONSOLE"/>
        <appender-ref ref="FILE-TENANT-IKON"/>
    </logger>

    <logger name="com.ikon.rest.service" level="info" additivity="false">
        <appender-ref ref="CONSOLE"/>
        <appender-ref ref="FILE-TENANT-IKON"/>
    </logger>

    <logger name="com.ikon.rest.datasourceconfig" level="info" additivity="false">
        <appender-ref ref="CONSOLE"/>
        <appender-ref ref="FILE-TENANT-IKON"/>
    </logger>

    <logger name="org.hibernate" level="info" additivity="false">
        <appender-ref ref="CONSOLE"/>
        <appender-ref ref="FILE-TENANT-DATABASE"/>
    </logger>

    <root level="info">
        <appender-ref ref="CONSOLE"/>
        <appender-ref ref="FILE-ROLLING-MAIN"/>
    </root>

</configuration>